YEAR,CATEGORY,NAME,WINORLOSE
1927,ACTOR IN A LEADING ROLE,Richard Barthelmess,FALSE
1927,ACTOR IN A LEADING ROLE,Emil Jannings,TRUE
1927,ACTRESS IN A LEADING ROLE,Louise Dresser,FALSE
1927,ACTRESS IN A LEADING ROLE,Janet Gaynor,TRUE
1927,ACTRESS IN A LEADING ROLE,Gloria Swanson,FALSE
1928,ACTOR IN A LEADING ROLE,George Bancroft,FALSE
1928,ACTOR IN A LEADING ROLE,Warner Baxter,TRUE
1928,ACTOR IN A LEADING ROLE,Chester Morris,FALSE
1928,ACTOR IN A LEADING ROLE,Paul Muni,FALSE
1928,ACTOR IN A LEADING ROLE,Lewis Stone,FALSE
1928,ACTRESS IN A LEADING ROLE,Ruth Chatterton,FALSE
1928,ACTRESS IN A LEADING ROLE,Betty Compson,FALSE
1928,ACTRESS IN A LEADING ROLE,Jeanne Eagels,FALSE
1928,ACTRESS IN A LEADING ROLE,Corinne Griffith,FALSE
1928,ACTRESS IN A LEADING ROLE,Bessie Love,FALSE
1928,ACTRESS IN A LEADING ROLE,Mary Pickford,TRUE
1929,ACTOR IN A LEADING ROLE,George Arliss,TRUE
1929,ACTOR IN A LEADING ROLE,George Arliss,FALSE
1929,ACTOR IN A LEADING ROLE,Wallace Beery,FALSE
1929,ACTOR IN A LEADING ROLE,Maurice Chevalier,FALSE
1929,ACTOR IN A LEADING ROLE,Ronald Colman,FALSE
1929,ACTOR IN A LEADING ROLE,Lawrence Tibbett,FALSE
1929,ACTRESS IN A LEADING ROLE,Nancy Carroll,FALSE
1929,ACTRESS IN A LEADING ROLE,Ruth Chatterton,FALSE
1929,ACTRESS IN A LEADING ROLE,Greta Garbo,FALSE
1929,ACTRESS IN A LEADING ROLE,Norma Shearer,TRUE
1929,ACTRESS IN A LEADING ROLE,Norma Shearer,FALSE
1929,ACTRESS IN A LEADING ROLE,Gloria Swanson,FALSE
1930,ACTOR IN A LEADING ROLE,Lionel Barrymore,TRUE
1930,ACTOR IN A LEADING ROLE,Jackie Cooper,FALSE
1930,ACTOR IN A LEADING ROLE,Richard Dix,FALSE
1930,ACTOR IN A LEADING ROLE,Fredric March,FALSE
1930,ACTOR IN A LEADING ROLE,Adolphe Menjou,FALSE
1930,ACTRESS IN A LEADING ROLE,Marlene Dietrich,FALSE
1930,ACTRESS IN A LEADING ROLE,Marie Dressler,TRUE
1930,ACTRESS IN A LEADING ROLE,Irene Dunne,FALSE
1930,ACTRESS IN A LEADING ROLE,Ann Harding,FALSE
1930,ACTRESS IN A LEADING ROLE,Norma Shearer,FALSE
1931,ACTOR IN A LEADING ROLE,Wallace Beery,TRUE
1931,ACTOR IN A LEADING ROLE,Alfred Lunt,FALSE
1931,ACTOR IN A LEADING ROLE,Fredric March,TRUE
1931,ACTRESS IN A LEADING ROLE,Marie Dressler,FALSE
1931,ACTRESS IN A LEADING ROLE,Lynn Fontanne,FALSE
1931,ACTRESS IN A LEADING ROLE,Helen Hayes,TRUE
1932,ACTOR IN A LEADING ROLE,Leslie Howard,FALSE
1932,ACTOR IN A LEADING ROLE,Charles Laughton,TRUE
1932,ACTOR IN A LEADING ROLE,Paul Muni,FALSE
1932,ACTRESS IN A LEADING ROLE,Katharine Hepburn,TRUE
1932,ACTRESS IN A LEADING ROLE,May Robson,FALSE
1932,ACTRESS IN A LEADING ROLE,Diana Wynyard,FALSE
1934,ACTOR IN A LEADING ROLE,Clark Gable,TRUE
1934,ACTOR IN A LEADING ROLE,Frank Morgan,FALSE
1934,ACTOR IN A LEADING ROLE,William Powell,FALSE
1934,ACTRESS IN A LEADING ROLE,Claudette Colbert,TRUE
1934,ACTRESS IN A LEADING ROLE,Bette Davis,FALSE
1934,ACTRESS IN A LEADING ROLE,Grace Moore,FALSE
1934,ACTRESS IN A LEADING ROLE,Norma Shearer,FALSE
1935,ACTOR IN A LEADING ROLE,Clark Gable,FALSE
1935,ACTOR IN A LEADING ROLE,Charles Laughton,FALSE
1935,ACTOR IN A LEADING ROLE,Victor McLaglen,TRUE
1935,ACTOR IN A LEADING ROLE,Paul Muni,FALSE
1935,ACTOR IN A LEADING ROLE,Franchot Tone,FALSE
1935,ACTRESS IN A LEADING ROLE,Elisabeth Bergner,FALSE
1935,ACTRESS IN A LEADING ROLE,Claudette Colbert,FALSE
1935,ACTRESS IN A LEADING ROLE,Bette Davis,TRUE
1935,ACTRESS IN A LEADING ROLE,Katharine Hepburn,FALSE
1935,ACTRESS IN A LEADING ROLE,Miriam Hopkins,FALSE
1935,ACTRESS IN A LEADING ROLE,Merle Oberon,FALSE
1936,ACTOR IN A LEADING ROLE,Gary Cooper,FALSE
1936,ACTOR IN A LEADING ROLE,Walter Huston,FALSE
1936,ACTOR IN A LEADING ROLE,Paul Muni,TRUE
1936,ACTOR IN A LEADING ROLE,William Powell,FALSE
1936,ACTOR IN A LEADING ROLE,Spencer Tracy,FALSE
1936,ACTRESS IN A LEADING ROLE,Irene Dunne,FALSE
1936,ACTRESS IN A LEADING ROLE,Gladys George,FALSE
1936,ACTRESS IN A LEADING ROLE,Carole Lombard,FALSE
1936,ACTRESS IN A LEADING ROLE,Luise Rainer,TRUE
1936,ACTRESS IN A LEADING ROLE,Norma Shearer,FALSE
1937,ACTOR IN A LEADING ROLE,Charles Boyer,FALSE
1937,ACTOR IN A LEADING ROLE,Fredric March,FALSE
1937,ACTOR IN A LEADING ROLE,Robert Montgomery,FALSE
1937,ACTOR IN A LEADING ROLE,Paul Muni,FALSE
1937,ACTOR IN A LEADING ROLE,Spencer Tracy,TRUE
1937,ACTRESS IN A LEADING ROLE,Irene Dunne,FALSE
1937,ACTRESS IN A LEADING ROLE,Greta Garbo,FALSE
1937,ACTRESS IN A LEADING ROLE,Janet Gaynor,FALSE
1937,ACTRESS IN A LEADING ROLE,Luise Rainer,TRUE
1937,ACTRESS IN A LEADING ROLE,Barbara Stanwyck,FALSE
1938,ACTOR IN A LEADING ROLE,Charles Boyer,FALSE
1938,ACTOR IN A LEADING ROLE,James Cagney,FALSE
1938,ACTOR IN A LEADING ROLE,Robert Donat,FALSE
1938,ACTOR IN A LEADING ROLE,Leslie Howard,FALSE
1938,ACTOR IN A LEADING ROLE,Spencer Tracy,TRUE
1938,ACTRESS IN A LEADING ROLE,Fay Bainter,FALSE
1938,ACTRESS IN A LEADING ROLE,Bette Davis,TRUE
1938,ACTRESS IN A LEADING ROLE,Wendy Hiller,FALSE
1938,ACTRESS IN A LEADING ROLE,Norma Shearer,FALSE
1938,ACTRESS IN A LEADING ROLE,Margaret Sullavan,FALSE
1939,ACTOR IN A LEADING ROLE,Robert Donat,TRUE
1939,ACTOR IN A LEADING ROLE,Clark Gable,FALSE
1939,ACTOR IN A LEADING ROLE,Laurence Olivier,FALSE
1939,ACTOR IN A LEADING ROLE,Mickey Rooney,FALSE
1939,ACTOR IN A LEADING ROLE,James Stewart,FALSE
1939,ACTRESS IN A LEADING ROLE,Bette Davis,FALSE
1939,ACTRESS IN A LEADING ROLE,Irene Dunne,FALSE
1939,ACTRESS IN A LEADING ROLE,Greta Garbo,FALSE
1939,ACTRESS IN A LEADING ROLE,Greer Garson,FALSE
1939,ACTRESS IN A LEADING ROLE,Vivien Leigh,TRUE
1940,ACTOR IN A LEADING ROLE,Charles Chaplin,FALSE
1940,ACTOR IN A LEADING ROLE,Henry Fonda,FALSE
1940,ACTOR IN A LEADING ROLE,Raymond Massey,FALSE
1940,ACTOR IN A LEADING ROLE,Laurence Olivier,FALSE
1940,ACTOR IN A LEADING ROLE,James Stewart,TRUE
1940,ACTRESS IN A LEADING ROLE,Bette Davis,FALSE
1940,ACTRESS IN A LEADING ROLE,Joan Fontaine,FALSE
1940,ACTRESS IN A LEADING ROLE,Katharine Hepburn,FALSE
1940,ACTRESS IN A LEADING ROLE,Ginger Rogers,TRUE
1940,ACTRESS IN A LEADING ROLE,Martha Scott,FALSE
1941,ACTOR IN A LEADING ROLE,Gary Cooper,TRUE
1941,ACTOR IN A LEADING ROLE,Cary Grant,FALSE
1941,ACTOR IN A LEADING ROLE,Walter Huston,FALSE
1941,ACTOR IN A LEADING ROLE,Robert Montgomery,FALSE
1941,ACTOR IN A LEADING ROLE,Orson Welles,FALSE
1941,ACTRESS IN A LEADING ROLE,Bette Davis,FALSE
1941,ACTRESS IN A LEADING ROLE,Olivia de Havilland,FALSE
1941,ACTRESS IN A LEADING ROLE,Joan Fontaine,TRUE
1941,ACTRESS IN A LEADING ROLE,Greer Garson,FALSE
1941,ACTRESS IN A LEADING ROLE,Barbara Stanwyck,FALSE
1942,ACTOR IN A LEADING ROLE,James Cagney,TRUE
1942,ACTOR IN A LEADING ROLE,Ronald Colman,FALSE
1942,ACTOR IN A LEADING ROLE,Gary Cooper,FALSE
1942,ACTOR IN A LEADING ROLE,Walter Pidgeon,FALSE
1942,ACTOR IN A LEADING ROLE,Monty Woolley,FALSE
1942,ACTRESS IN A LEADING ROLE,Bette Davis,FALSE
1942,ACTRESS IN A LEADING ROLE,Greer Garson,TRUE
1942,ACTRESS IN A LEADING ROLE,Katharine Hepburn,FALSE
1942,ACTRESS IN A LEADING ROLE,Rosalind Russell,FALSE
1942,ACTRESS IN A LEADING ROLE,Teresa Wright,FALSE
1943,ACTOR IN A LEADING ROLE,Humphrey Bogart,FALSE
1943,ACTOR IN A LEADING ROLE,Gary Cooper,FALSE
1943,ACTOR IN A LEADING ROLE,Paul Lukas,TRUE
1943,ACTOR IN A LEADING ROLE,Walter Pidgeon,FALSE
1943,ACTOR IN A LEADING ROLE,Mickey Rooney,FALSE
1943,ACTRESS IN A LEADING ROLE,Jean Arthur,FALSE
1943,ACTRESS IN A LEADING ROLE,Ingrid Bergman,FALSE
1943,ACTRESS IN A LEADING ROLE,Joan Fontaine,FALSE
1943,ACTRESS IN A LEADING ROLE,Greer Garson,FALSE
1943,ACTRESS IN A LEADING ROLE,Jennifer Jones,TRUE
1944,ACTOR IN A LEADING ROLE,Charles Boyer,FALSE
1944,ACTOR IN A LEADING ROLE,Bing Crosby,TRUE
1944,ACTOR IN A LEADING ROLE,Barry Fitzgerald,FALSE
1944,ACTOR IN A LEADING ROLE,Cary Grant,FALSE
1944,ACTOR IN A LEADING ROLE,Alexander Knox,FALSE
1944,ACTRESS IN A LEADING ROLE,Ingrid Bergman,TRUE
1944,ACTRESS IN A LEADING ROLE,Claudette Colbert,FALSE
1944,ACTRESS IN A LEADING ROLE,Bette Davis,FALSE
1944,ACTRESS IN A LEADING ROLE,Greer Garson,FALSE
1944,ACTRESS IN A LEADING ROLE,Barbara Stanwyck,FALSE
1945,ACTOR IN A LEADING ROLE,Bing Crosby,FALSE
1945,ACTOR IN A LEADING ROLE,Gene Kelly,FALSE
1945,ACTOR IN A LEADING ROLE,Ray Milland,TRUE
1945,ACTOR IN A LEADING ROLE,Gregory Peck,FALSE
1945,ACTOR IN A LEADING ROLE,Cornel Wilde,FALSE
1945,ACTRESS IN A LEADING ROLE,Ingrid Bergman,FALSE
1945,ACTRESS IN A LEADING ROLE,Joan Crawford,TRUE
1945,ACTRESS IN A LEADING ROLE,Greer Garson,FALSE
1945,ACTRESS IN A LEADING ROLE,Jennifer Jones,FALSE
1945,ACTRESS IN A LEADING ROLE,Gene Tierney,FALSE
1946,ACTOR IN A LEADING ROLE,Fredric March,TRUE
1946,ACTOR IN A LEADING ROLE,Laurence Olivier,FALSE
1946,ACTOR IN A LEADING ROLE,Larry Parks,FALSE
1946,ACTOR IN A LEADING ROLE,Gregory Peck,FALSE
1946,ACTOR IN A LEADING ROLE,James Stewart,FALSE
1946,ACTRESS IN A LEADING ROLE,Olivia de Havilland,TRUE
1946,ACTRESS IN A LEADING ROLE,Celia Johnson,FALSE
1946,ACTRESS IN A LEADING ROLE,Jennifer Jones,FALSE
1946,ACTRESS IN A LEADING ROLE,Rosalind Russell,FALSE
1946,ACTRESS IN A LEADING ROLE,Jane Wyman,FALSE
1947,ACTOR IN A LEADING ROLE,Ronald Colman,TRUE
1947,ACTOR IN A LEADING ROLE,John Garfield,FALSE
1947,ACTOR IN A LEADING ROLE,Gregory Peck,FALSE
1947,ACTOR IN A LEADING ROLE,William Powell,FALSE
1947,ACTOR IN A LEADING ROLE,Michael Redgrave,FALSE
1947,ACTRESS IN A LEADING ROLE,Joan Crawford,FALSE
1947,ACTRESS IN A LEADING ROLE,Susan Hayward,FALSE
1947,ACTRESS IN A LEADING ROLE,Dorothy McGuire,FALSE
1947,ACTRESS IN A LEADING ROLE,Rosalind Russell,FALSE
1947,ACTRESS IN A LEADING ROLE,Loretta Young,TRUE
1948,ACTOR IN A LEADING ROLE,Lew Ayres,FALSE
1948,ACTOR IN A LEADING ROLE,Montgomery Clift,FALSE
1948,ACTOR IN A LEADING ROLE,Dan Dailey,FALSE
1948,ACTOR IN A LEADING ROLE,Laurence Olivier,TRUE
1948,ACTOR IN A LEADING ROLE,Clifton Webb,FALSE
1948,ACTRESS IN A LEADING ROLE,Ingrid Bergman,FALSE
1948,ACTRESS IN A LEADING ROLE,Olivia de Havilland,FALSE
1948,ACTRESS IN A LEADING ROLE,Irene Dunne,FALSE
1948,ACTRESS IN A LEADING ROLE,Barbara Stanwyck,FALSE
1948,ACTRESS IN A LEADING ROLE,Jane Wyman,TRUE
1949,ACTOR IN A LEADING ROLE,Broderick Crawford,TRUE
1949,ACTOR IN A LEADING ROLE,Kirk Douglas,FALSE
1949,ACTOR IN A LEADING ROLE,Gregory Peck,FALSE
1949,ACTOR IN A LEADING ROLE,Richard Todd,FALSE
1949,ACTOR IN A LEADING ROLE,John Wayne,FALSE
1949,ACTRESS IN A LEADING ROLE,Jeanne Crain,FALSE
1949,ACTRESS IN A LEADING ROLE,Olivia de Havilland,TRUE
1949,ACTRESS IN A LEADING ROLE,Susan Hayward,FALSE
1949,ACTRESS IN A LEADING ROLE,Deborah Kerr,FALSE
1949,ACTRESS IN A LEADING ROLE,Loretta Young,FALSE
1950,ACTOR IN A LEADING ROLE,Louis Calhern,FALSE
1950,ACTOR IN A LEADING ROLE,JosÃ© Ferrer,TRUE
1950,ACTOR IN A LEADING ROLE,William Holden,FALSE
1950,ACTOR IN A LEADING ROLE,James Stewart,FALSE
1950,ACTOR IN A LEADING ROLE,Spencer Tracy,FALSE
1950,ACTRESS IN A LEADING ROLE,Anne Baxter,FALSE
1950,ACTRESS IN A LEADING ROLE,Bette Davis,FALSE
1950,ACTRESS IN A LEADING ROLE,Judy Holliday,TRUE
1950,ACTRESS IN A LEADING ROLE,Eleanor Parker,FALSE
1950,ACTRESS IN A LEADING ROLE,Gloria Swanson,FALSE
1951,ACTOR IN A LEADING ROLE,Humphrey Bogart,TRUE
1951,ACTOR IN A LEADING ROLE,Marlon Brando,FALSE
1951,ACTOR IN A LEADING ROLE,Montgomery Clift,FALSE
1951,ACTOR IN A LEADING ROLE,Arthur Kennedy,FALSE
1951,ACTOR IN A LEADING ROLE,Fredric March,FALSE
1951,ACTRESS IN A LEADING ROLE,Katharine Hepburn,FALSE
1951,ACTRESS IN A LEADING ROLE,Vivien Leigh,TRUE
1951,ACTRESS IN A LEADING ROLE,Eleanor Parker,FALSE
1951,ACTRESS IN A LEADING ROLE,Shelley Winters,FALSE
1951,ACTRESS IN A LEADING ROLE,Jane Wyman,FALSE
1952,ACTOR IN A LEADING ROLE,Marlon Brando,FALSE
1952,ACTOR IN A LEADING ROLE,Gary Cooper,TRUE
1952,ACTOR IN A LEADING ROLE,Kirk Douglas,FALSE
1952,ACTOR IN A LEADING ROLE,JosÃ© Ferrer,FALSE
1952,ACTOR IN A LEADING ROLE,Alec Guinness,FALSE
1952,ACTRESS IN A LEADING ROLE,Shirley Booth,TRUE
1952,ACTRESS IN A LEADING ROLE,Joan Crawford,FALSE
1952,ACTRESS IN A LEADING ROLE,Bette Davis,FALSE
1952,ACTRESS IN A LEADING ROLE,Julie Harris,FALSE
1952,ACTRESS IN A LEADING ROLE,Susan Hayward,FALSE
1953,ACTOR IN A LEADING ROLE,Marlon Brando,FALSE
1953,ACTOR IN A LEADING ROLE,Richard Burton,FALSE
1953,ACTOR IN A LEADING ROLE,Montgomery Clift,FALSE
1953,ACTOR IN A LEADING ROLE,William Holden,TRUE
1953,ACTOR IN A LEADING ROLE,Burt Lancaster,FALSE
1953,ACTRESS IN A LEADING ROLE,Leslie Caron,FALSE
1953,ACTRESS IN A LEADING ROLE,Ava Gardner,FALSE
1953,ACTRESS IN A LEADING ROLE,Audrey Hepburn,TRUE
1953,ACTRESS IN A LEADING ROLE,Deborah Kerr,FALSE
1953,ACTRESS IN A LEADING ROLE,Maggie McNamara,FALSE
1954,ACTOR IN A LEADING ROLE,Humphrey Bogart,FALSE
1954,ACTOR IN A LEADING ROLE,Marlon Brando,TRUE
1954,ACTOR IN A LEADING ROLE,Bing Crosby,FALSE
1954,ACTOR IN A LEADING ROLE,James Mason,FALSE
1954,ACTOR IN A LEADING ROLE,Dan O'Herlihy,FALSE
1954,ACTRESS IN A LEADING ROLE,Dorothy Dandridge,FALSE
1954,ACTRESS IN A LEADING ROLE,Judy Garland,FALSE
1954,ACTRESS IN A LEADING ROLE,Audrey Hepburn,FALSE
1954,ACTRESS IN A LEADING ROLE,Grace Kelly,TRUE
1954,ACTRESS IN A LEADING ROLE,Jane Wyman,FALSE
1955,ACTOR IN A LEADING ROLE,Ernest Borgnine,TRUE
1955,ACTOR IN A LEADING ROLE,James Cagney,FALSE
1955,ACTOR IN A LEADING ROLE,James Dean,FALSE
1955,ACTOR IN A LEADING ROLE,Frank Sinatra,FALSE
1955,ACTOR IN A LEADING ROLE,Spencer Tracy,FALSE
1955,ACTRESS IN A LEADING ROLE,Susan Hayward,FALSE
1955,ACTRESS IN A LEADING ROLE,Katharine Hepburn,FALSE
1955,ACTRESS IN A LEADING ROLE,Jennifer Jones,FALSE
1955,ACTRESS IN A LEADING ROLE,Anna Magnani,TRUE
1955,ACTRESS IN A LEADING ROLE,Eleanor Parker,FALSE
1956,ACTOR IN A LEADING ROLE,Yul Brynner,TRUE
1956,ACTOR IN A LEADING ROLE,James Dean,FALSE
1956,ACTOR IN A LEADING ROLE,Kirk Douglas,FALSE
1956,ACTOR IN A LEADING ROLE,Rock Hudson,FALSE
1956,ACTOR IN A LEADING ROLE,Sir Laurence Olivier,FALSE
1956,ACTRESS IN A LEADING ROLE,Carroll Baker,FALSE
1956,ACTRESS IN A LEADING ROLE,Ingrid Bergman,TRUE
1956,ACTRESS IN A LEADING ROLE,Katharine Hepburn,FALSE
1956,ACTRESS IN A LEADING ROLE,Nancy Kelly,FALSE
1956,ACTRESS IN A LEADING ROLE,Deborah Kerr,FALSE
1957,ACTOR IN A LEADING ROLE,Marlon Brando,FALSE
1957,ACTOR IN A LEADING ROLE,Anthony Franciosa,FALSE
1957,ACTOR IN A LEADING ROLE,Alec Guinness,TRUE
1957,ACTOR IN A LEADING ROLE,Charles Laughton,FALSE
1957,ACTOR IN A LEADING ROLE,Anthony Quinn,FALSE
1957,ACTRESS IN A LEADING ROLE,Deborah Kerr,FALSE
1957,ACTRESS IN A LEADING ROLE,Anna Magnani,FALSE
1957,ACTRESS IN A LEADING ROLE,Elizabeth Taylor,FALSE
1957,ACTRESS IN A LEADING ROLE,Lana Turner,FALSE
1957,ACTRESS IN A LEADING ROLE,Joanne Woodward,TRUE
1958,ACTOR IN A LEADING ROLE,Tony Curtis,FALSE
1958,ACTOR IN A LEADING ROLE,Paul Newman,FALSE
1958,ACTOR IN A LEADING ROLE,David Niven,TRUE
1958,ACTOR IN A LEADING ROLE,Sidney Poitier,FALSE
1958,ACTOR IN A LEADING ROLE,Spencer Tracy,FALSE
1958,ACTRESS IN A LEADING ROLE,Susan Hayward,TRUE
1958,ACTRESS IN A LEADING ROLE,Deborah Kerr,FALSE
1958,ACTRESS IN A LEADING ROLE,Shirley MacLaine,FALSE
1958,ACTRESS IN A LEADING ROLE,Rosalind Russell,FALSE
1958,ACTRESS IN A LEADING ROLE,Elizabeth Taylor,FALSE
1959,ACTOR IN A LEADING ROLE,Laurence Harvey,FALSE
1959,ACTOR IN A LEADING ROLE,Charlton Heston,TRUE
1959,ACTOR IN A LEADING ROLE,Jack Lemmon,FALSE
1959,ACTOR IN A LEADING ROLE,Paul Muni,FALSE
1959,ACTOR IN A LEADING ROLE,James Stewart,FALSE
1959,ACTRESS IN A LEADING ROLE,Doris Day,FALSE
1959,ACTRESS IN A LEADING ROLE,Audrey Hepburn,FALSE
1959,ACTRESS IN A LEADING ROLE,Katharine Hepburn,FALSE
1959,ACTRESS IN A LEADING ROLE,Simone Signoret,TRUE
1959,ACTRESS IN A LEADING ROLE,Elizabeth Taylor,FALSE
1960,ACTOR IN A LEADING ROLE,Trevor Howard,FALSE
1960,ACTOR IN A LEADING ROLE,Burt Lancaster,TRUE
1960,ACTOR IN A LEADING ROLE,Jack Lemmon,FALSE
1960,ACTOR IN A LEADING ROLE,Laurence Olivier,FALSE
1960,ACTOR IN A LEADING ROLE,Spencer Tracy,FALSE
1960,ACTRESS IN A LEADING ROLE,Greer Garson,FALSE
1960,ACTRESS IN A LEADING ROLE,Deborah Kerr,FALSE
1960,ACTRESS IN A LEADING ROLE,Shirley MacLaine,FALSE
1960,ACTRESS IN A LEADING ROLE,Melina Mercouri,FALSE
1960,ACTRESS IN A LEADING ROLE,Elizabeth Taylor,TRUE
1961,ACTOR IN A LEADING ROLE,Charles Boyer,FALSE
1961,ACTOR IN A LEADING ROLE,Paul Newman,FALSE
1961,ACTOR IN A LEADING ROLE,Maximilian Schell,TRUE
1961,ACTOR IN A LEADING ROLE,Spencer Tracy,FALSE
1961,ACTOR IN A LEADING ROLE,Stuart Whitman,FALSE
1961,ACTRESS IN A LEADING ROLE,Audrey Hepburn,FALSE
1961,ACTRESS IN A LEADING ROLE,Piper Laurie,FALSE
1961,ACTRESS IN A LEADING ROLE,Sophia Loren,TRUE
1961,ACTRESS IN A LEADING ROLE,Geraldine Page,FALSE
1961,ACTRESS IN A LEADING ROLE,Natalie Wood,FALSE
1962,ACTOR IN A LEADING ROLE,Burt Lancaster,FALSE
1962,ACTOR IN A LEADING ROLE,Jack Lemmon,FALSE
1962,ACTOR IN A LEADING ROLE,Marcello Mastroianni,FALSE
1962,ACTOR IN A LEADING ROLE,Peter O'Toole,FALSE
1962,ACTOR IN A LEADING ROLE,Gregory Peck,TRUE
1962,ACTRESS IN A LEADING ROLE,Anne Bancroft,TRUE
1962,ACTRESS IN A LEADING ROLE,Bette Davis,FALSE
1962,ACTRESS IN A LEADING ROLE,Katharine Hepburn,FALSE
1962,ACTRESS IN A LEADING ROLE,Geraldine Page,FALSE
1962,ACTRESS IN A LEADING ROLE,Lee Remick,FALSE
1963,ACTOR IN A LEADING ROLE,Albert Finney,FALSE
1963,ACTOR IN A LEADING ROLE,Richard Harris,FALSE
1963,ACTOR IN A LEADING ROLE,Rex Harrison,FALSE
1963,ACTOR IN A LEADING ROLE,Paul Newman,FALSE
1963,ACTOR IN A LEADING ROLE,Sidney Poitier,TRUE
1963,ACTRESS IN A LEADING ROLE,Leslie Caron,FALSE
1963,ACTRESS IN A LEADING ROLE,Shirley MacLaine,FALSE
1963,ACTRESS IN A LEADING ROLE,Patricia Neal,TRUE
1963,ACTRESS IN A LEADING ROLE,Rachel Roberts,FALSE
1963,ACTRESS IN A LEADING ROLE,Natalie Wood,FALSE
1964,ACTOR IN A LEADING ROLE,Richard Burton,FALSE
1964,ACTOR IN A LEADING ROLE,Rex Harrison,TRUE
1964,ACTOR IN A LEADING ROLE,Peter O'Toole,FALSE
1964,ACTOR IN A LEADING ROLE,Anthony Quinn,FALSE
1964,ACTOR IN A LEADING ROLE,Peter Sellers,FALSE
1964,ACTRESS IN A LEADING ROLE,Julie Andrews,TRUE
1964,ACTRESS IN A LEADING ROLE,Anne Bancroft,FALSE
1964,ACTRESS IN A LEADING ROLE,Sophia Loren,FALSE
1964,ACTRESS IN A LEADING ROLE,Debbie Reynolds,FALSE
1964,ACTRESS IN A LEADING ROLE,Kim Stanley,FALSE
1965,ACTOR IN A LEADING ROLE,Richard Burton,FALSE
1965,ACTOR IN A LEADING ROLE,Lee Marvin,TRUE
1965,ACTOR IN A LEADING ROLE,Laurence Olivier,FALSE
1965,ACTOR IN A LEADING ROLE,Rod Steiger,FALSE
1965,ACTOR IN A LEADING ROLE,Oskar Werner,FALSE
1965,ACTRESS IN A LEADING ROLE,Julie Andrews,FALSE
1965,ACTRESS IN A LEADING ROLE,Julie Christie,TRUE
1965,ACTRESS IN A LEADING ROLE,Samantha Eggar,FALSE
1965,ACTRESS IN A LEADING ROLE,Elizabeth Hartman,FALSE
1965,ACTRESS IN A LEADING ROLE,Simone Signoret,FALSE
1966,ACTOR IN A LEADING ROLE,Alan Arkin,FALSE
1966,ACTOR IN A LEADING ROLE,Richard Burton,FALSE
1966,ACTOR IN A LEADING ROLE,Michael Caine,FALSE
1966,ACTOR IN A LEADING ROLE,Steve McQueen,FALSE
1966,ACTOR IN A LEADING ROLE,Paul Scofield,TRUE
1966,ACTRESS IN A LEADING ROLE,Anouk Aimee,FALSE
1966,ACTRESS IN A LEADING ROLE,Ida Kaminska,FALSE
1966,ACTRESS IN A LEADING ROLE,Lynn Redgrave,FALSE
1966,ACTRESS IN A LEADING ROLE,Vanessa Redgrave,FALSE
1966,ACTRESS IN A LEADING ROLE,Elizabeth Taylor,TRUE
1967,ACTOR IN A LEADING ROLE,Warren Beatty,FALSE
1967,ACTOR IN A LEADING ROLE,Dustin Hoffman,FALSE
1967,ACTOR IN A LEADING ROLE,Paul Newman,FALSE
1967,ACTOR IN A LEADING ROLE,Rod Steiger,TRUE
1967,ACTOR IN A LEADING ROLE,Spencer Tracy,FALSE
1967,ACTRESS IN A LEADING ROLE,Anne Bancroft,FALSE
1967,ACTRESS IN A LEADING ROLE,Faye Dunaway,FALSE
1967,ACTRESS IN A LEADING ROLE,Dame Edith Evans,FALSE
1967,ACTRESS IN A LEADING ROLE,Audrey Hepburn,FALSE
1967,ACTRESS IN A LEADING ROLE,Katharine Hepburn,TRUE
1968,ACTOR IN A LEADING ROLE,Alan Arkin,FALSE
1968,ACTOR IN A LEADING ROLE,Alan Bates,FALSE
1968,ACTOR IN A LEADING ROLE,Ron Moody,FALSE
1968,ACTOR IN A LEADING ROLE,Peter O'Toole,FALSE
1968,ACTOR IN A LEADING ROLE,Cliff Robertson,TRUE
1968,ACTRESS IN A LEADING ROLE,Katharine Hepburn,TRUE
1968,ACTRESS IN A LEADING ROLE,Patricia Neal,FALSE
1968,ACTRESS IN A LEADING ROLE,Vanessa Redgrave,FALSE
1968,ACTRESS IN A LEADING ROLE,Barbra Streisand,TRUE
1968,ACTRESS IN A LEADING ROLE,Joanne Woodward,FALSE
1969,ACTOR IN A LEADING ROLE,Richard Burton,FALSE
1969,ACTOR IN A LEADING ROLE,Dustin Hoffman,FALSE
1969,ACTOR IN A LEADING ROLE,Peter O'Toole,FALSE
1969,ACTOR IN A LEADING ROLE,Jon Voight,FALSE
1969,ACTOR IN A LEADING ROLE,John Wayne,TRUE
1969,ACTRESS IN A LEADING ROLE,Genevieve Bujold,FALSE
1969,ACTRESS IN A LEADING ROLE,Jane Fonda,FALSE
1969,ACTRESS IN A LEADING ROLE,Liza Minnelli,FALSE
1969,ACTRESS IN A LEADING ROLE,Jean Simmons,FALSE
1969,ACTRESS IN A LEADING ROLE,Maggie Smith,TRUE
1970,ACTOR IN A LEADING ROLE,Melvyn Douglas,FALSE
1970,ACTOR IN A LEADING ROLE,James Earl Jones,FALSE
1970,ACTOR IN A LEADING ROLE,Jack Nicholson,FALSE
1970,ACTOR IN A LEADING ROLE,Ryan O'Neal,FALSE
1970,ACTOR IN A LEADING ROLE,George C. Scott,TRUE
1970,ACTRESS IN A LEADING ROLE,Jane Alexander,FALSE
1970,ACTRESS IN A LEADING ROLE,Glenda Jackson,TRUE
1970,ACTRESS IN A LEADING ROLE,Ali MacGraw,FALSE
1970,ACTRESS IN A LEADING ROLE,Sarah Miles,FALSE
1970,ACTRESS IN A LEADING ROLE,Carrie Snodgress,FALSE
1971,ACTOR IN A LEADING ROLE,Peter Finch,FALSE
1971,ACTOR IN A LEADING ROLE,Gene Hackman,TRUE
1971,ACTOR IN A LEADING ROLE,Walter Matthau,FALSE
1971,ACTOR IN A LEADING ROLE,George C. Scott,FALSE
1971,ACTOR IN A LEADING ROLE,Topol,FALSE
1971,ACTRESS IN A LEADING ROLE,Julie Christie,FALSE
1971,ACTRESS IN A LEADING ROLE,Jane Fonda,TRUE
1971,ACTRESS IN A LEADING ROLE,Glenda Jackson,FALSE
1971,ACTRESS IN A LEADING ROLE,Vanessa Redgrave,FALSE
1971,ACTRESS IN A LEADING ROLE,Janet Suzman,FALSE
1972,ACTOR IN A LEADING ROLE,Marlon Brando,TRUE
1972,ACTOR IN A LEADING ROLE,Michael Caine,FALSE
1972,ACTOR IN A LEADING ROLE,Laurence Olivier,FALSE
1972,ACTOR IN A LEADING ROLE,Peter O'Toole,FALSE
1972,ACTOR IN A LEADING ROLE,Paul Winfield,FALSE
1972,ACTRESS IN A LEADING ROLE,Liza Minnelli,TRUE
1972,ACTRESS IN A LEADING ROLE,Diana Ross,FALSE
1972,ACTRESS IN A LEADING ROLE,Maggie Smith,FALSE
1972,ACTRESS IN A LEADING ROLE,Cicely Tyson,FALSE
1972,ACTRESS IN A LEADING ROLE,Liv Ullmann,FALSE
1973,ACTOR IN A LEADING ROLE,Marlon Brando,FALSE
1973,ACTOR IN A LEADING ROLE,Jack Lemmon,TRUE
1973,ACTOR IN A LEADING ROLE,Jack Nicholson,FALSE
1973,ACTOR IN A LEADING ROLE,Al Pacino,FALSE
1973,ACTOR IN A LEADING ROLE,Robert Redford,FALSE
1973,ACTRESS IN A LEADING ROLE,Ellen Burstyn,FALSE
1973,ACTRESS IN A LEADING ROLE,Glenda Jackson,TRUE
1973,ACTRESS IN A LEADING ROLE,Marsha Mason,FALSE
1973,ACTRESS IN A LEADING ROLE,Barbra Streisand,FALSE
1973,ACTRESS IN A LEADING ROLE,Joanne Woodward,FALSE
1974,ACTOR IN A LEADING ROLE,Art Carney,TRUE
1974,ACTOR IN A LEADING ROLE,Albert Finney,FALSE
1974,ACTOR IN A LEADING ROLE,Dustin Hoffman,FALSE
1974,ACTOR IN A LEADING ROLE,Jack Nicholson,FALSE
1974,ACTOR IN A LEADING ROLE,Al Pacino,FALSE
1974,ACTRESS IN A LEADING ROLE,Ellen Burstyn,TRUE
1974,ACTRESS IN A LEADING ROLE,Diahann Carroll,FALSE
1974,ACTRESS IN A LEADING ROLE,Faye Dunaway,FALSE
1974,ACTRESS IN A LEADING ROLE,Valerie Perrine,FALSE
1974,ACTRESS IN A LEADING ROLE,Gena Rowlands,FALSE
1975,ACTOR IN A LEADING ROLE,Walter Matthau,FALSE
1975,ACTOR IN A LEADING ROLE,Jack Nicholson,TRUE
1975,ACTOR IN A LEADING ROLE,Al Pacino,FALSE
1975,ACTOR IN A LEADING ROLE,Maximilian Schell,FALSE
1975,ACTOR IN A LEADING ROLE,James Whitmore,FALSE
1975,ACTRESS IN A LEADING ROLE,Isabelle Adjani,FALSE
1975,ACTRESS IN A LEADING ROLE,Ann-Margret,FALSE
1975,ACTRESS IN A LEADING ROLE,Louise Fletcher,TRUE
1975,ACTRESS IN A LEADING ROLE,Glenda Jackson,FALSE
1975,ACTRESS IN A LEADING ROLE,Carol Kane,FALSE
1976,ACTOR IN A LEADING ROLE,Robert De Niro,FALSE
1976,ACTOR IN A LEADING ROLE,Peter Finch,TRUE
1976,ACTOR IN A LEADING ROLE,Giancarlo Giannini,FALSE
1976,ACTOR IN A LEADING ROLE,William Holden,FALSE
1976,ACTOR IN A LEADING ROLE,Sylvester Stallone,FALSE
1976,ACTRESS IN A LEADING ROLE,Marie-Christine Barrault,FALSE
1976,ACTRESS IN A LEADING ROLE,Faye Dunaway,TRUE
1976,ACTRESS IN A LEADING ROLE,Talia Shire,FALSE
1976,ACTRESS IN A LEADING ROLE,Sissy Spacek,FALSE
1976,ACTRESS IN A LEADING ROLE,Liv Ullmann,FALSE
1977,ACTOR IN A LEADING ROLE,Woody Allen,FALSE
1977,ACTOR IN A LEADING ROLE,Richard Burton,FALSE
1977,ACTOR IN A LEADING ROLE,Richard Dreyfuss,TRUE
1977,ACTOR IN A LEADING ROLE,Marcello Mastroianni,FALSE
1977,ACTOR IN A LEADING ROLE,John Travolta,FALSE
1977,ACTRESS IN A LEADING ROLE,Anne Bancroft,FALSE
1977,ACTRESS IN A LEADING ROLE,Jane Fonda,FALSE
1977,ACTRESS IN A LEADING ROLE,Diane Keaton,TRUE
1977,ACTRESS IN A LEADING ROLE,Shirley MacLaine,FALSE
1977,ACTRESS IN A LEADING ROLE,Marsha Mason,FALSE
1978,ACTOR IN A LEADING ROLE,Warren Beatty,FALSE
1978,ACTOR IN A LEADING ROLE,Gary Busey,FALSE
1978,ACTOR IN A LEADING ROLE,Robert De Niro,FALSE
1978,ACTOR IN A LEADING ROLE,Laurence Olivier,FALSE
1978,ACTOR IN A LEADING ROLE,Jon Voight,TRUE
1978,ACTRESS IN A LEADING ROLE,Ingrid Bergman,FALSE
1978,ACTRESS IN A LEADING ROLE,Ellen Burstyn,FALSE
1978,ACTRESS IN A LEADING ROLE,Jill Clayburgh,FALSE
1978,ACTRESS IN A LEADING ROLE,Jane Fonda,TRUE
1978,ACTRESS IN A LEADING ROLE,Geraldine Page,FALSE
1979,ACTOR IN A LEADING ROLE,Dustin Hoffman,TRUE
1979,ACTOR IN A LEADING ROLE,Jack Lemmon,FALSE
1979,ACTOR IN A LEADING ROLE,Al Pacino,FALSE
1979,ACTOR IN A LEADING ROLE,Roy Scheider,FALSE
1979,ACTOR IN A LEADING ROLE,Peter Sellers,FALSE
1979,ACTRESS IN A LEADING ROLE,Jill Clayburgh,FALSE
1979,ACTRESS IN A LEADING ROLE,Sally Field,TRUE
1979,ACTRESS IN A LEADING ROLE,Jane Fonda,FALSE
1979,ACTRESS IN A LEADING ROLE,Marsha Mason,FALSE
1979,ACTRESS IN A LEADING ROLE,Bette Midler,FALSE
1980,ACTOR IN A LEADING ROLE,Robert De Niro,TRUE
1980,ACTOR IN A LEADING ROLE,Robert Duvall,FALSE
1980,ACTOR IN A LEADING ROLE,John Hurt,FALSE
1980,ACTOR IN A LEADING ROLE,Jack Lemmon,FALSE
1980,ACTOR IN A LEADING ROLE,Peter O'Toole,FALSE
1980,ACTRESS IN A LEADING ROLE,Ellen Burstyn,FALSE
1980,ACTRESS IN A LEADING ROLE,Goldie Hawn,FALSE
1980,ACTRESS IN A LEADING ROLE,Mary Tyler Moore,FALSE
1980,ACTRESS IN A LEADING ROLE,Gena Rowlands,FALSE
1980,ACTRESS IN A LEADING ROLE,Sissy Spacek,TRUE
1981,ACTOR IN A LEADING ROLE,Warren Beatty,FALSE
1981,ACTOR IN A LEADING ROLE,Henry Fonda,TRUE
1981,ACTOR IN A LEADING ROLE,Burt Lancaster,FALSE
1981,ACTOR IN A LEADING ROLE,Dudley Moore,FALSE
1981,ACTOR IN A LEADING ROLE,Paul Newman,FALSE
1981,ACTRESS IN A LEADING ROLE,Katharine Hepburn,TRUE
1981,ACTRESS IN A LEADING ROLE,Diane Keaton,FALSE
1981,ACTRESS IN A LEADING ROLE,Marsha Mason,FALSE
1981,ACTRESS IN A LEADING ROLE,Susan Sarandon,FALSE
1981,ACTRESS IN A LEADING ROLE,Meryl Streep,FALSE
1982,ACTOR IN A LEADING ROLE,Dustin Hoffman,FALSE
1982,ACTOR IN A LEADING ROLE,Ben Kingsley,TRUE
1982,ACTOR IN A LEADING ROLE,Jack Lemmon,FALSE
1982,ACTOR IN A LEADING ROLE,Paul Newman,FALSE
1982,ACTOR IN A LEADING ROLE,Peter O'Toole,FALSE
1982,ACTRESS IN A LEADING ROLE,Julie Andrews,FALSE
1982,ACTRESS IN A LEADING ROLE,Jessica Lange,FALSE
1982,ACTRESS IN A LEADING ROLE,Sissy Spacek,FALSE
1982,ACTRESS IN A LEADING ROLE,Meryl Streep,TRUE
1982,ACTRESS IN A LEADING ROLE,Debra Winger,FALSE
1983,ACTOR IN A LEADING ROLE,Michael Caine,FALSE
1983,ACTOR IN A LEADING ROLE,Tom Conti,FALSE
1983,ACTOR IN A LEADING ROLE,Tom Courtenay,FALSE
1983,ACTOR IN A LEADING ROLE,Robert Duvall,TRUE
1983,ACTOR IN A LEADING ROLE,Albert Finney,FALSE
1983,ACTRESS IN A LEADING ROLE,Jane Alexander,FALSE
1983,ACTRESS IN A LEADING ROLE,Shirley MacLaine,TRUE
1983,ACTRESS IN A LEADING ROLE,Meryl Streep,FALSE
1983,ACTRESS IN A LEADING ROLE,Julie Walters,FALSE
1983,ACTRESS IN A LEADING ROLE,Debra Winger,FALSE
1984,ACTOR IN A LEADING ROLE,F. Murray Abraham,TRUE
1984,ACTOR IN A LEADING ROLE,Jeff Bridges,FALSE
1984,ACTOR IN A LEADING ROLE,Albert Finney,FALSE
1984,ACTOR IN A LEADING ROLE,Tom Hulce,FALSE
1984,ACTOR IN A LEADING ROLE,Sam Waterston,FALSE
1984,ACTRESS IN A LEADING ROLE,Judy Davis,FALSE
1984,ACTRESS IN A LEADING ROLE,Sally Field,TRUE
1984,ACTRESS IN A LEADING ROLE,Jessica Lange,FALSE
1984,ACTRESS IN A LEADING ROLE,Vanessa Redgrave,FALSE
1984,ACTRESS IN A LEADING ROLE,Sissy Spacek,FALSE
1985,ACTOR IN A LEADING ROLE,Harrison Ford,FALSE
1985,ACTOR IN A LEADING ROLE,James Garner,FALSE
1985,ACTOR IN A LEADING ROLE,William Hurt,TRUE
1985,ACTOR IN A LEADING ROLE,Jack Nicholson,FALSE
1985,ACTOR IN A LEADING ROLE,Jon Voight,FALSE
1985,ACTRESS IN A LEADING ROLE,Anne Bancroft,FALSE
1985,ACTRESS IN A LEADING ROLE,Whoopi Goldberg,FALSE
1985,ACTRESS IN A LEADING ROLE,Jessica Lange,FALSE
1985,ACTRESS IN A LEADING ROLE,Geraldine Page,TRUE
1985,ACTRESS IN A LEADING ROLE,Meryl Streep,FALSE
1986,ACTOR IN A LEADING ROLE,Dexter Gordon,FALSE
1986,ACTOR IN A LEADING ROLE,Bob Hoskins,FALSE
1986,ACTOR IN A LEADING ROLE,William Hurt,FALSE
1986,ACTOR IN A LEADING ROLE,Paul Newman,TRUE
1986,ACTOR IN A LEADING ROLE,James Woods,FALSE
1986,ACTRESS IN A LEADING ROLE,Jane Fonda,FALSE
1986,ACTRESS IN A LEADING ROLE,Marlee Matlin,TRUE
1986,ACTRESS IN A LEADING ROLE,Sissy Spacek,FALSE
1986,ACTRESS IN A LEADING ROLE,Kathleen Turner,FALSE
1986,ACTRESS IN A LEADING ROLE,Sigourney Weaver,FALSE
1987,ACTOR IN A LEADING ROLE,Michael Douglas,TRUE
1987,ACTOR IN A LEADING ROLE,William Hurt,FALSE
1987,ACTOR IN A LEADING ROLE,Marcello Mastroianni,FALSE
1987,ACTOR IN A LEADING ROLE,Jack Nicholson,FALSE
1987,ACTOR IN A LEADING ROLE,Robin Williams,FALSE
1987,ACTRESS IN A LEADING ROLE,Cher,TRUE
1987,ACTRESS IN A LEADING ROLE,Glenn Close,FALSE
1987,ACTRESS IN A LEADING ROLE,Holly Hunter,FALSE
1987,ACTRESS IN A LEADING ROLE,Sally Kirkland,FALSE
1987,ACTRESS IN A LEADING ROLE,Meryl Streep,FALSE
1988,ACTOR IN A LEADING ROLE,Gene Hackman,FALSE
1988,ACTOR IN A LEADING ROLE,Tom Hanks,FALSE
1988,ACTOR IN A LEADING ROLE,Dustin Hoffman,TRUE
1988,ACTOR IN A LEADING ROLE,Edward James Olmos,FALSE
1988,ACTOR IN A LEADING ROLE,Max von Sydow,FALSE
1988,ACTRESS IN A LEADING ROLE,Glenn Close,FALSE
1988,ACTRESS IN A LEADING ROLE,Jodie Foster,TRUE
1988,ACTRESS IN A LEADING ROLE,Melanie Griffith,FALSE
1988,ACTRESS IN A LEADING ROLE,Meryl Streep,FALSE
1988,ACTRESS IN A LEADING ROLE,Sigourney Weaver,FALSE
1989,ACTOR IN A LEADING ROLE,Kenneth Branagh,FALSE
1989,ACTOR IN A LEADING ROLE,Tom Cruise,FALSE
1989,ACTOR IN A LEADING ROLE,Daniel Day Lewis,TRUE
1989,ACTOR IN A LEADING ROLE,Morgan Freeman,FALSE
1989,ACTOR IN A LEADING ROLE,Robin Williams,FALSE
1989,ACTRESS IN A LEADING ROLE,Isabelle Adjani,FALSE
1989,ACTRESS IN A LEADING ROLE,Pauline Collins,FALSE
1989,ACTRESS IN A LEADING ROLE,Jessica Lange,FALSE
1989,ACTRESS IN A LEADING ROLE,Michelle Pfeiffer,FALSE
1989,ACTRESS IN A LEADING ROLE,Jessica Tandy,TRUE
1990,ACTOR IN A LEADING ROLE,Kevin Costner,FALSE
1990,ACTOR IN A LEADING ROLE,Robert De Niro,FALSE
1990,ACTOR IN A LEADING ROLE,Gerard Depardieu,FALSE
1990,ACTOR IN A LEADING ROLE,Richard Harris,FALSE
1990,ACTOR IN A LEADING ROLE,Jeremy Irons,TRUE
1990,ACTRESS IN A LEADING ROLE,Kathy Bates,TRUE
1990,ACTRESS IN A LEADING ROLE,Anjelica Huston,FALSE
1990,ACTRESS IN A LEADING ROLE,Julia Roberts,FALSE
1990,ACTRESS IN A LEADING ROLE,Meryl Streep,FALSE
1990,ACTRESS IN A LEADING ROLE,Joanne Woodward,FALSE
1991,ACTOR IN A LEADING ROLE,Warren Beatty,FALSE
1991,ACTOR IN A LEADING ROLE,Robert De Niro,FALSE
1991,ACTOR IN A LEADING ROLE,Anthony Hopkins,TRUE
1991,ACTOR IN A LEADING ROLE,Nick Nolte,FALSE
1991,ACTOR IN A LEADING ROLE,Robin Williams,FALSE
1991,ACTRESS IN A LEADING ROLE,Geena Davis,FALSE
1991,ACTRESS IN A LEADING ROLE,Laura Dern,FALSE
1991,ACTRESS IN A LEADING ROLE,Jodie Foster,TRUE
1991,ACTRESS IN A LEADING ROLE,Bette Midler,FALSE
1991,ACTRESS IN A LEADING ROLE,Susan Sarandon,FALSE
1992,ACTOR IN A LEADING ROLE,Robert Downey Jr.,FALSE
1992,ACTOR IN A LEADING ROLE,Clint Eastwood,FALSE
1992,ACTOR IN A LEADING ROLE,Al Pacino,TRUE
1992,ACTOR IN A LEADING ROLE,Stephen Rea,FALSE
1992,ACTOR IN A LEADING ROLE,Denzel Washington,FALSE
1992,ACTRESS IN A LEADING ROLE,Catherine Deneuve,FALSE
1992,ACTRESS IN A LEADING ROLE,Mary McDonnell,FALSE
1992,ACTRESS IN A LEADING ROLE,Michelle Pfeiffer,FALSE
1992,ACTRESS IN A LEADING ROLE,Susan Sarandon,FALSE
1992,ACTRESS IN A LEADING ROLE,Emma Thompson,TRUE
1993,ACTOR IN A LEADING ROLE,Daniel Day-Lewis,FALSE
1993,ACTOR IN A LEADING ROLE,Laurence Fishburne,FALSE
1993,ACTOR IN A LEADING ROLE,Tom Hanks,TRUE
1993,ACTOR IN A LEADING ROLE,Anthony Hopkins,FALSE
1993,ACTOR IN A LEADING ROLE,Liam Neeson,FALSE
1993,ACTRESS IN A LEADING ROLE,Angela Bassett,FALSE
1993,ACTRESS IN A LEADING ROLE,Stockard Channing,FALSE
1993,ACTRESS IN A LEADING ROLE,Holly Hunter,TRUE
1993,ACTRESS IN A LEADING ROLE,Emma Thompson,FALSE
1993,ACTRESS IN A LEADING ROLE,Debra Winger,FALSE
1994,ACTOR IN A LEADING ROLE,Morgan Freeman,FALSE
1994,ACTOR IN A LEADING ROLE,Tom Hanks,TRUE
1994,ACTOR IN A LEADING ROLE,Nigel Hawthorne,FALSE
1994,ACTOR IN A LEADING ROLE,Paul Newman,FALSE
1994,ACTOR IN A LEADING ROLE,John Travolta,FALSE
1994,ACTRESS IN A LEADING ROLE,Jodie Foster,FALSE
1994,ACTRESS IN A LEADING ROLE,Jessica Lange,TRUE
1994,ACTRESS IN A LEADING ROLE,Miranda Richardson,FALSE
1994,ACTRESS IN A LEADING ROLE,Winona Ryder,FALSE
1994,ACTRESS IN A LEADING ROLE,Susan Sarandon,FALSE
1995,ACTOR IN A LEADING ROLE,Nicolas Cage,TRUE
1995,ACTOR IN A LEADING ROLE,Richard Dreyfuss,FALSE
1995,ACTOR IN A LEADING ROLE,Anthony Hopkins,FALSE
1995,ACTOR IN A LEADING ROLE,Sean Penn,FALSE
1995,ACTOR IN A LEADING ROLE,Massimo Troisi,FALSE
1995,ACTRESS IN A LEADING ROLE,Susan Sarandon,TRUE
1995,ACTRESS IN A LEADING ROLE,Elisabeth Shue,FALSE
1995,ACTRESS IN A LEADING ROLE,Sharon Stone,FALSE
1995,ACTRESS IN A LEADING ROLE,Meryl Streep,FALSE
1995,ACTRESS IN A LEADING ROLE,Emma Thompson,FALSE
1996,ACTOR IN A LEADING ROLE,Tom Cruise,FALSE
1996,ACTOR IN A LEADING ROLE,Ralph Fiennes,FALSE
1996,ACTOR IN A LEADING ROLE,Woody Harrelson,FALSE
1996,ACTOR IN A LEADING ROLE,Geoffrey Rush,TRUE
1996,ACTOR IN A LEADING ROLE,Billy Bob Thornton,FALSE
1996,ACTRESS IN A LEADING ROLE,Brenda Blethyn,FALSE
1996,ACTRESS IN A LEADING ROLE,Diane Keaton,FALSE
1996,ACTRESS IN A LEADING ROLE,Frances McDormand,TRUE
1996,ACTRESS IN A LEADING ROLE,Kristin Scott Thomas,FALSE
1996,ACTRESS IN A LEADING ROLE,Emily Watson,FALSE
1997,ACTOR IN A LEADING ROLE,Matt Damon,FALSE
1997,ACTOR IN A LEADING ROLE,Robert Duvall,FALSE
1997,ACTOR IN A LEADING ROLE,Peter Fonda,FALSE
1997,ACTOR IN A LEADING ROLE,Dustin Hoffman,FALSE
1997,ACTOR IN A LEADING ROLE,Jack Nicholson,TRUE
1997,ACTRESS IN A LEADING ROLE,Helena Bonham Carter,FALSE
1997,ACTRESS IN A LEADING ROLE,Julie Christie,FALSE
1997,ACTRESS IN A LEADING ROLE,Judi Dench,FALSE
1997,ACTRESS IN A LEADING ROLE,Helen Hunt,TRUE
1997,ACTRESS IN A LEADING ROLE,Kate Winslet,FALSE
1998,ACTOR IN A LEADING ROLE,Roberto Benigni,TRUE
1998,ACTOR IN A LEADING ROLE,Tom Hanks,FALSE
1998,ACTOR IN A LEADING ROLE,Ian McKellen,FALSE
1998,ACTOR IN A LEADING ROLE,Nick Nolte,FALSE
1998,ACTOR IN A LEADING ROLE,Edward Norton,FALSE
1998,ACTRESS IN A LEADING ROLE,Cate Blanchett,FALSE
1998,ACTRESS IN A LEADING ROLE,Fernanda Montenegro,FALSE
1998,ACTRESS IN A LEADING ROLE,Gwyneth Paltrow,TRUE
1998,ACTRESS IN A LEADING ROLE,Meryl Streep,FALSE
1998,ACTRESS IN A LEADING ROLE,Emily Watson,FALSE
1999,ACTOR IN A LEADING ROLE,Russell Crowe,FALSE
1999,ACTOR IN A LEADING ROLE,Richard Farnsworth,FALSE
1999,ACTOR IN A LEADING ROLE,Sean Penn,FALSE
1999,ACTOR IN A LEADING ROLE,Kevin Spacey,TRUE
1999,ACTOR IN A LEADING ROLE,Denzel Washington,FALSE
1999,ACTRESS IN A LEADING ROLE,Annette Bening,FALSE
1999,ACTRESS IN A LEADING ROLE,Janet McTeer,FALSE
1999,ACTRESS IN A LEADING ROLE,Julianne Moore,FALSE
1999,ACTRESS IN A LEADING ROLE,Meryl Streep,FALSE
1999,ACTRESS IN A LEADING ROLE,Hilary Swank,TRUE
2000,ACTOR IN A LEADING ROLE,Javier Bardem,FALSE
2000,ACTOR IN A LEADING ROLE,Russell Crowe,TRUE
2000,ACTOR IN A LEADING ROLE,Tom Hanks,FALSE
2000,ACTOR IN A LEADING ROLE,Ed Harris,FALSE
2000,ACTOR IN A LEADING ROLE,Geoffrey Rush,FALSE
2000,ACTRESS IN A LEADING ROLE,Joan Allen,FALSE
2000,ACTRESS IN A LEADING ROLE,Juliette Binoche,FALSE
2000,ACTRESS IN A LEADING ROLE,Ellen Burstyn,FALSE
2000,ACTRESS IN A LEADING ROLE,Laura Linney,FALSE
2000,ACTRESS IN A LEADING ROLE,Julia Roberts,TRUE
2001,ACTOR IN A LEADING ROLE,Russell Crowe,FALSE
2001,ACTOR IN A LEADING ROLE,Sean Penn,FALSE
2001,ACTOR IN A LEADING ROLE,Will Smith,FALSE
2001,ACTOR IN A LEADING ROLE,Denzel Washington,TRUE
2001,ACTOR IN A LEADING ROLE,Tom Wilkinson,FALSE
2001,ACTRESS IN A LEADING ROLE,Halle Berry,TRUE
2001,ACTRESS IN A LEADING ROLE,Judi Dench,FALSE
2001,ACTRESS IN A LEADING ROLE,Nicole Kidman,FALSE
2001,ACTRESS IN A LEADING ROLE,Sissy Spacek,FALSE
2001,ACTRESS IN A LEADING ROLE,RenÃ©e Zellweger,FALSE
2002,ACTOR IN A LEADING ROLE,Adrien Brody,TRUE
2002,ACTOR IN A LEADING ROLE,Nicolas Cage,FALSE
2002,ACTOR IN A LEADING ROLE,Michael Caine,FALSE
2002,ACTOR IN A LEADING ROLE,Daniel Day-Lewis,FALSE
2002,ACTOR IN A LEADING ROLE,Jack Nicholson,FALSE
2002,ACTRESS IN A LEADING ROLE,Salma Hayek,FALSE
2002,ACTRESS IN A LEADING ROLE,Nicole Kidman,TRUE
2002,ACTRESS IN A LEADING ROLE,Diane Lane,FALSE
2002,ACTRESS IN A LEADING ROLE,Julianne Moore,FALSE
2002,ACTRESS IN A LEADING ROLE,RenÃ©e Zellweger,FALSE
2003,ACTOR IN A LEADING ROLE,Johnny Depp,FALSE
2003,ACTOR IN A LEADING ROLE,Ben Kingsley,FALSE
2003,ACTOR IN A LEADING ROLE,Jude Law,FALSE
2003,ACTOR IN A LEADING ROLE,Bill Murray,FALSE
2003,ACTOR IN A LEADING ROLE,Sean Penn,TRUE
2003,ACTRESS IN A LEADING ROLE,Keisha Castle-Hughes,FALSE
2003,ACTRESS IN A LEADING ROLE,Diane Keaton,FALSE
2003,ACTRESS IN A LEADING ROLE,Samantha Morton,FALSE
2003,ACTRESS IN A LEADING ROLE,Charlize Theron,TRUE
2003,ACTRESS IN A LEADING ROLE,Naomi Watts,FALSE
2004,ACTOR IN A LEADING ROLE,Don Cheadle,FALSE
2004,ACTOR IN A LEADING ROLE,Johnny Depp,FALSE
2004,ACTOR IN A LEADING ROLE,Leonardo DiCaprio,FALSE
2004,ACTOR IN A LEADING ROLE,Clint Eastwood,FALSE
2004,ACTOR IN A LEADING ROLE,Jamie Foxx,TRUE
2004,ACTRESS IN A LEADING ROLE,Annette Bening,FALSE
2004,ACTRESS IN A LEADING ROLE,Catalina Sandino Moreno,FALSE
2004,ACTRESS IN A LEADING ROLE,Imelda Staunton,FALSE
2004,ACTRESS IN A LEADING ROLE,Hilary Swank,TRUE
2004,ACTRESS IN A LEADING ROLE,Kate Winslet,FALSE
2005,ACTOR IN A LEADING ROLE,Philip Seymour Hoffman,TRUE
2005,ACTOR IN A LEADING ROLE,Terrence Howard,FALSE
2005,ACTOR IN A LEADING ROLE,Heath Ledger,FALSE
2005,ACTOR IN A LEADING ROLE,Joaquin Phoenix,FALSE
2005,ACTOR IN A LEADING ROLE,David Strathairn,FALSE
2005,ACTRESS IN A LEADING ROLE,Judi Dench,FALSE
2005,ACTRESS IN A LEADING ROLE,Felicity Huffman,FALSE
2005,ACTRESS IN A LEADING ROLE,Keira Knightley,FALSE
2005,ACTRESS IN A LEADING ROLE,Charlize Theron,FALSE
2005,ACTRESS IN A LEADING ROLE,Reese Witherspoon,TRUE
2006,ACTOR IN A LEADING ROLE,Leonardo DiCaprio,FALSE
2006,ACTOR IN A LEADING ROLE,Ryan Gosling,FALSE
2006,ACTOR IN A LEADING ROLE,Peter O'Toole,FALSE
2006,ACTOR IN A LEADING ROLE,Will Smith,FALSE
2006,ACTOR IN A LEADING ROLE,Forest Whitaker,TRUE
2006,ACTRESS IN A LEADING ROLE,PenÃ©lope Cruz,FALSE
2006,ACTRESS IN A LEADING ROLE,Judi Dench,FALSE
2006,ACTRESS IN A LEADING ROLE,Helen Mirren,TRUE
2006,ACTRESS IN A LEADING ROLE,Meryl Streep,FALSE
2006,ACTRESS IN A LEADING ROLE,Kate Winslet,FALSE
2007,ACTOR IN A LEADING ROLE,George Clooney,FALSE
2007,ACTOR IN A LEADING ROLE,Daniel Day-Lewis,TRUE
2007,ACTOR IN A LEADING ROLE,Johnny Depp,FALSE
2007,ACTOR IN A LEADING ROLE,Tommy Lee Jones,FALSE
2007,ACTOR IN A LEADING ROLE,Viggo Mortensen,FALSE
2007,ACTRESS IN A LEADING ROLE,Cate Blanchett,FALSE
2007,ACTRESS IN A LEADING ROLE,Julie Christie,FALSE
2007,ACTRESS IN A LEADING ROLE,Marion Cotillard,TRUE
2007,ACTRESS IN A LEADING ROLE,Laura Linney,FALSE
2007,ACTRESS IN A LEADING ROLE,Ellen Page,FALSE
2008,ACTOR IN A LEADING ROLE,Richard Jenkins,FALSE
2008,ACTOR IN A LEADING ROLE,Frank Langella,FALSE
2008,ACTOR IN A LEADING ROLE,Sean Penn,TRUE
2008,ACTOR IN A LEADING ROLE,Brad Pitt,FALSE
2008,ACTOR IN A LEADING ROLE,Mickey Rourke,FALSE
2008,ACTRESS IN A LEADING ROLE,Anne Hathaway,FALSE
2008,ACTRESS IN A LEADING ROLE,Angelina Jolie,FALSE
2008,ACTRESS IN A LEADING ROLE,Melissa Leo,FALSE
2008,ACTRESS IN A LEADING ROLE,Meryl Streep,FALSE
2008,ACTRESS IN A LEADING ROLE,Kate Winslet,TRUE
2009,ACTOR IN A LEADING ROLE,Jeff Bridges,TRUE
2009,ACTOR IN A LEADING ROLE,George Clooney,FALSE
2009,ACTOR IN A LEADING ROLE,Colin Firth,FALSE
2009,ACTOR IN A LEADING ROLE,Morgan Freeman,FALSE
2009,ACTOR IN A LEADING ROLE,Jeremy Renner,FALSE
2009,ACTRESS IN A LEADING ROLE,Sandra Bullock,TRUE
2009,ACTRESS IN A LEADING ROLE,Helen Mirren,FALSE
2009,ACTRESS IN A LEADING ROLE,Carey Mulligan,FALSE
2009,ACTRESS IN A LEADING ROLE,Gabourey Sidibe,FALSE
2009,ACTRESS IN A LEADING ROLE,Meryl Streep,FALSE
2010,ACTOR IN A LEADING ROLE,Javier Bardem,FALSE
2010,ACTOR IN A LEADING ROLE,Jeff Bridges,FALSE
2010,ACTOR IN A LEADING ROLE,Jesse Eisenberg,FALSE
2010,ACTOR IN A LEADING ROLE,Colin Firth,TRUE
2010,ACTOR IN A LEADING ROLE,James Franco,FALSE
2010,ACTRESS IN A LEADING ROLE,Annette Bening,FALSE
2010,ACTRESS IN A LEADING ROLE,Nicole Kidman,FALSE
2010,ACTRESS IN A LEADING ROLE,Jennifer Lawrence,FALSE
2010,ACTRESS IN A LEADING ROLE,Natalie Portman,TRUE
2010,ACTRESS IN A LEADING ROLE,Michelle Williams,FALSE
2011,ACTOR IN A LEADING ROLE,DemiÃ¡n Bichir,FALSE
2011,ACTOR IN A LEADING ROLE,George Clooney,FALSE
2011,ACTOR IN A LEADING ROLE,Jean Dujardin,TRUE
2011,ACTOR IN A LEADING ROLE,Gary Oldman,FALSE
2011,ACTOR IN A LEADING ROLE,Brad Pitt,FALSE
2011,ACTRESS IN A LEADING ROLE,Glenn Close,FALSE
2011,ACTRESS IN A LEADING ROLE,Viola Davis,FALSE
2011,ACTRESS IN A LEADING ROLE,Rooney Mara,FALSE
2011,ACTRESS IN A LEADING ROLE,Meryl Streep,TRUE
2011,ACTRESS IN A LEADING ROLE,Michelle Williams,FALSE
2012,ACTOR IN A LEADING ROLE,Bradley Cooper,FALSE
2012,ACTOR IN A LEADING ROLE,Daniel Day-Lewis,TRUE
2012,ACTOR IN A LEADING ROLE,Hugh Jackman,FALSE
2012,ACTOR IN A LEADING ROLE,Joaquin Phoenix,FALSE
2012,ACTOR IN A LEADING ROLE,Denzel Washington,FALSE
2012,ACTRESS IN A LEADING ROLE,Jessica Chastain,FALSE
2012,ACTRESS IN A LEADING ROLE,Jennifer Lawrence,TRUE
2012,ACTRESS IN A LEADING ROLE,Emmanuelle Riva,FALSE
2012,ACTRESS IN A LEADING ROLE,QuvenzhanÃ© Wallis,FALSE
2012,ACTRESS IN A LEADING ROLE,Naomi Watts,FALSE
2013,ACTOR IN A LEADING ROLE,Christian Bale,FALSE
2013,ACTOR IN A LEADING ROLE,Bruce Dern,FALSE
2013,ACTOR IN A LEADING ROLE,Leonardo DiCaprio,FALSE
2013,ACTOR IN A LEADING ROLE,Chiwetel Ejiofor,FALSE
2013,ACTOR IN A LEADING ROLE,Matthew McConaughey,TRUE
2013,ACTRESS IN A LEADING ROLE,Amy Adams,FALSE
2013,ACTRESS IN A LEADING ROLE,Cate Blanchett,TRUE
2013,ACTRESS IN A LEADING ROLE,Sandra Bullock,FALSE
2013,ACTRESS IN A LEADING ROLE,Judi Dench,FALSE
2013,ACTRESS IN A LEADING ROLE,Meryl Streep,FALSE
2014,ACTOR IN A LEADING ROLE,Steve Carell,FALSE
2014,ACTOR IN A LEADING ROLE,Bradley Cooper,FALSE
2014,ACTOR IN A LEADING ROLE,Benedict Cumberbatch,FALSE
2014,ACTOR IN A LEADING ROLE,Michael Keaton,FALSE
2014,ACTOR IN A LEADING ROLE,Eddie Redmayne,TRUE
2014,ACTRESS IN A LEADING ROLE,Marion Cotillard,FALSE
2014,ACTRESS IN A LEADING ROLE,Felicity Jones,FALSE
2014,ACTRESS IN A LEADING ROLE,Julianne Moore,TRUE
2014,ACTRESS IN A LEADING ROLE,Rosamund Pike,FALSE
2014,ACTRESS IN A LEADING ROLE,Reese Witherspoon,FALSE
2015,ACTOR IN A LEADING ROLE,Bryan Cranston,FALSE
2015,ACTOR IN A LEADING ROLE,Matt Damon,FALSE
2015,ACTOR IN A LEADING ROLE,Leonardo DiCaprio,TRUE
2015,ACTOR IN A LEADING ROLE,Michael Fassbender,FALSE
2015,ACTOR IN A LEADING ROLE,Eddie Redmayne,FALSE
2015,ACTRESS IN A LEADING ROLE,Cate Blanchett,FALSE
2015,ACTRESS IN A LEADING ROLE,Brie Larson,TRUE
2015,ACTRESS IN A LEADING ROLE,Jennifer Lawrence,FALSE
2015,ACTRESS IN A LEADING ROLE,Charlotte Rampling,FALSE
2015,ACTRESS IN A LEADING ROLE,Saoirse Ronan,FALSE
2016,ACTOR IN A LEADING ROLE,Casey Affleck,TRUE
2016,ACTOR IN A LEADING ROLE,Andrew Garfield,FALSE
2016,ACTOR IN A LEADING ROLE,Ryan Gosling,FALSE
2016,ACTOR IN A LEADING ROLE,Viggo Mortensen,FALSE
2016,ACTOR IN A LEADING ROLE,Denzel Washington,FALSE
2016,ACTRESS IN A LEADING ROLE,Isabelle Huppert,FALSE
2016,ACTRESS IN A LEADING ROLE,Ruth Negga,FALSE
2016,ACTRESS IN A LEADING ROLE,Natalie Portman,FALSE
2016,ACTRESS IN A LEADING ROLE,Emma Stone,TRUE
2016,ACTRESS IN A LEADING ROLE,Meryl Streep,FALSE
2017,ACTOR IN A LEADING ROLE,TimothÃ©e Chalamet,FALSE
2017,ACTOR IN A LEADING ROLE,Daniel Day-Lewis,FALSE
2017,ACTOR IN A LEADING ROLE,Daniel Kaluuya,FALSE
2017,ACTOR IN A LEADING ROLE,Gary Oldman,TRUE
2017,ACTOR IN A LEADING ROLE,Denzel Washington,FALSE
2017,ACTRESS IN A LEADING ROLE,Sally Hawkins,FALSE
2017,ACTRESS IN A LEADING ROLE,Frances McDormand,TRUE
2017,ACTRESS IN A LEADING ROLE,Margot Robbie,FALSE
2017,ACTRESS IN A LEADING ROLE,Saoirse Ronan,FALSE
2017,ACTRESS IN A LEADING ROLE,Meryl Streep,FALSE
